Date,Open,High,Low,Close,Volume,Dividend,Split,Adj_Open,Adj_High,Adj_Low,Adj_Close,Adj_Volume
2019-02-15,189.87,192.62,189.05,192.39,4997551.0,0.0,1.0,189.87,192.62,189.05,192.39,4997551.0
2019-02-14,187.5,188.93,186.0025,187.71,2600648.0,0.0,1.0,187.5,188.93,186.0025,187.71,2600648.0
2019-02-13,186.3,188.68,185.92,188.41,4146937.0,0.0,1.0,186.3,188.68,185.92,188.41,4146937.0
2019-02-12,183.84,186.4,183.52,185.52,3754523.0,0.0,1.0,183.84,186.4,183.52,185.52,3754523.0
2019-02-11,185.0,185.42,182.75,182.92,3729222.0,0.0,1.0,185.0,185.42,182.75,182.92,3729222.0
2019-02-08,183.05,184.58,182.72,184.54,2792352.0,0.0,1.0,183.05,184.58,182.72,184.54,2792352.0
2019-02-07,183.74,184.9231,182.45,184.07,2793448.0,0.0,1.0,183.74,184.9231,182.45,184.07,2793448.0
2019-02-06,186.69,186.69,184.06,184.72,3071927.0,0.0,1.0,186.69,186.69,184.06,184.72,3071927.0
2019-02-05,186.89,186.99,184.69,186.39,3995341.0,0.0,1.0,186.89,186.99,184.69,186.39,3995341.0
2019-02-04,184.3,186.43,183.84,186.43,3049925.0,0.0,1.0,184.3,186.43,183.84,186.43,3049925.0
2019-02-01,184.03,185.15,182.83,184.37,4513100.0,0.0,1.0,184.03,185.15,182.83,184.37,4513100.0
2019-01-31,181.5,184.67,181.06,183.53,5138001.0,0.0,1.0,181.5,184.67,181.06,183.53,5138001.0
2019-01-30,180.47,184.2,179.78,182.18,5197755.0,0.0,1.0,180.47,184.2,179.78,182.18,5197755.0
2019-01-29,178.96,180.15,178.09,179.69,3685658.0,0.0,1.0,178.96,180.15,178.09,179.69,3685658.0
2019-01-28,178.97,179.99,177.41,179.83,4091373.0,0.0,1.0,178.97,179.99,177.41,179.83,4091373.0
2019-01-25,179.78,180.87,178.61,180.4,4502516.0,0.0,1.0,179.78,180.87,178.61,180.4,4502516.0
2019-01-24,177.0,177.53,175.3,177.29,3860309.0,0.0,1.0,177.0,177.53,175.3,177.29,3860309.0
2019-01-23,176.59,178.06,174.53,176.89,4910402.0,0.0,1.0,176.59,178.06,174.53,176.89,4910402.0
2019-01-22,177.49,178.6048,175.3626,177.11,6272715.0,0.0,1.0,177.49,178.6048,175.3626,177.11,6272715.0
2019-01-18,176.98,180.04,176.18,179.58,6371422.0,0.0,1.0,176.98,180.04,176.18,179.58,6371422.0
2019-01-17,174.01,175.46,172.0,174.87,6460254.0,0.0,1.0,174.01,175.46,172.0,174.87,6460254.0
2019-01-16,177.09,177.93,175.86,177.04,4037660.0,0.0,1.0,177.09,177.93,175.86,177.04,4037660.0
2019-01-15,176.08,177.8212,175.2,176.47,5000342.0,0.0,1.0,176.08,177.8212,175.2,176.47,5000342.0
2019-01-14,177.59,179.23,176.9007,178.81,3833187.0,0.0,1.0,177.59,179.23,176.9007,178.81,3833187.0
2019-01-11,177.93,180.26,177.12,179.41,3285063.0,0.0,1.0,177.93,180.26,177.12,179.41,3285063.0
2019-01-10,178.03,179.24,176.34,179.06,3605294.0,0.0,1.0,178.03,179.24,176.34,179.06,3605294.0
2019-01-09,177.87,181.27,177.0999,179.73,4921986.0,0.0,1.0,177.87,181.27,177.0999,179.73,4921986.0
2019-01-08,178.57,179.59,175.61,177.89,4722342.0,0.0,1.0,178.57,179.59,175.61,177.89,4722342.0
2019-01-07,173.83,178.18,173.83,177.04,4926996.0,0.0,1.0,173.83,178.18,173.83,177.04,4926996.0
2019-01-04,170.18,174.74,169.5203,173.62,4762450.0,0.0,1.0,170.18,174.74,169.5203,173.62,4762450.0
2019-01-03,171.84,171.84,168.21,168.61,4808660.0,0.0,1.0,171.84,171.84,168.21,168.61,4808660.0
2019-01-02,169.71,173.18,169.05,172.41,4242389.0,0.0,1.0,169.71,173.18,169.05,172.41,4242389.0
2018-12-31,171.47,173.24,170.65,171.82,4206020.0,0.0,1.0,171.47,173.24,170.65,171.82,4206020.0
2018-12-28,171.22,173.12,168.6,170.22,4551989.0,0.0,1.0,171.22,173.12,168.6,170.22,4551989.0
2018-12-27,166.44,170.46,163.3627,170.32,5069251.0,0.0,1.0,166.44,170.46,163.3627,170.32,5069251.0
2018-12-26,159.46,168.28,159.44,168.28,6141459.0,0.0,1.0,159.46,168.28,159.44,168.28,6141459.0
2018-12-24,160.16,161.4,158.09,158.14,4547363.0,0.0,1.0,160.16,161.4,158.09,158.14,4547363.0
2018-12-21,162.81,167.96,160.17,160.48,11813422.0,0.0,1.0,162.81,167.96,160.17,160.48,11813422.0
2018-12-20,166.28,167.31,162.23,164.16,7675587.0,0.0,1.0,166.28,167.31,162.23,164.16,7675587.0
2018-12-19,170.92,174.95,166.77,167.56,6996396.0,0.0,1.0,170.92,174.95,166.77,167.56,6996396.0
2018-12-18,168.9,171.95,168.5,170.04,4461668.0,0.0,1.0,168.9,171.95,168.5,170.04,4461668.0
2018-12-17,171.51,171.99,166.93,167.97,5631666.0,0.0,1.0,171.51,171.99,166.93,167.97,5631666.0
2018-12-14,172.98,175.14,171.95,172.29,4257541.0,0.0,1.0,172.98,175.14,171.95,172.29,4257541.0
2018-12-13,174.31,174.91,172.07,173.87,6101963.0,0.0,1.0,174.31,174.91,172.07,173.87,6101963.0
2018-12-12,173.75,176.87,172.81,174.21,5912631.0,0.0,1.0,173.75,176.87,172.81,174.21,5912631.0
2018-12-11,174.3,175.6,171.24,172.21,4753134.0,0.0,1.0,174.3,175.6,171.24,172.21,4753134.0
2018-12-10,173.39,173.985,167.73,171.69,5372325.0,0.0,1.0,173.39,173.985,167.73,171.69,5372325.0
2018-12-07,175.35,178.36,172.24,172.79,6098905.0,0.0,1.0,175.35,178.36,172.24,172.79,6098905.0
2018-12-06,173.5,176.04,170.4551,175.96,7511746.0,0.0,1.0,173.5,176.04,170.4551,175.96,7511746.0
2018-12-04,181.06,182.23,174.55,175.3,7058033.0,0.0,1.0,181.06,182.23,174.55,175.3,7058033.0
2018-12-03,183.29,183.5,179.35,181.74,7311208.0,0.0,1.0,183.29,183.5,179.35,181.74,7311208.0
2018-11-30,175.75,180.37,175.11,180.32,8941830.0,0.0,1.0,175.75,180.37,175.11,180.32,8941830.0
2018-11-29,176.8,177.27,174.92,175.66,4328177.0,0.0,1.0,176.8,177.27,174.92,175.66,4328177.0
2018-11-28,172.91,177.65,170.62,177.43,7133627.0,1.03,1.0,172.91,177.65,170.62,177.43,7133627.0
2018-11-27,169.11,173.38,168.82,173.22,7082424.0,0.0,1.0,168.1339644738317,172.379319735515,167.84563823826068,172.22024319175162,7082424.0
2018-11-26,170.2,172.39,168.87,169.82,6139878.0,0.0,1.0,169.21767342821917,171.3950336209795,167.89534965818672,168.83986663678138,6139878.0
2018-11-23,169.39,170.33,168.47,168.85,2710983.0,0.0,1.0,168.41234842541743,169.3469231200269,167.49765829877845,167.87546509021632,2710983.0
2018-11-21,170.0,170.93,169.145,169.3,5752228.0,0.0,1.0,169.01882774851506,169.9434601591393,168.1687624677799,168.32286786955058,5752228.0
2018-11-20,169.25,172.0,167.0,169.05,8661014.0,0.0,1.0,168.27315644962457,171.00728454555642,166.03614255295304,168.07431076992046,8661014.0
2018-11-19,176.71,178.88,172.3,173.59,6075662.0,0.0,1.0,175.69010030258883,177.8475759273787,171.30555306511263,172.58810769920433,6075662.0
2018-11-16,173.99,177.605,173.51,177.02,6834197.0,0.0,1.0,172.98579905861254,176.57993471926483,172.5085694273226,175.99831110613025,6834197.0
2018-11-15,179.01,179.67,173.61,177.36,8663136.0,0.0,1.0,177.97682561918637,178.63301636221001,172.60799226717472,176.33634876162728,8663136.0
2018-11-14,182.61,182.9,179.15,179.9,7561076.0,0.0,1.0,181.55604785386086,181.84437408943185,178.1160175949793,178.86168889386974,7561076.0
2018-11-13,177.3,181.62,172.85,179.0,14274029.0,0.0,1.0,176.27669505771604,180.5717617393253,171.852378684299,177.96688333520115,14274029.0
2018-11-12,185.23,186.95,179.02,179.43,7590396.0,0.0,1.0,184.16092625798495,185.8709991034405,177.98676790317157,178.39440154656506,7590396.0
2018-11-09,188.32,188.48,184.96,185.99,4761172.0,0.0,1.0,187.23309200941387,187.39216855317719,183.8924845903844,184.91653984086068,4761172.0
2018-11-08,187.13,188.69,185.72,188.0,4054004.0,0.0,1.0,186.04996021517425,187.60095651686646,184.64809817326008,186.91493892188728,4054004.0
2018-11-07,183.79,187.68,182.06,187.23,4673834.0,0.0,1.0,182.7292373641152,186.59678583436062,181.00922223467447,186.14938305502636,4673834.0
2018-11-06,181.93,182.65,180.05,182.01,3338937.0,0.0,1.0,180.87997254286682,181.59581698980165,179.01082315364792,180.95951081474843,3338937.0
2018-11-05,181.02,182.41,179.3,182.19,3885319.0,0.0,1.0,179.97522470021298,181.3572021741567,178.26515185475742,181.13847192648208,3885319.0
2018-11-02,182.47,183.01,177.39,179.93,4730558.0,0.0,1.0,181.4168558780679,181.95373921326907,176.36617561358287,178.89151574582542,4730558.0
2018-11-01,176.84,180.86,175.9,180.46,5225343.0,0.0,1.0,175.8193499943965,179.81614815644963,174.8847752997871,179.41845679704136,5225343.0
2018-10-31,177.98,178.85,175.59,175.88,6339454.0,0.0,1.0,176.9527703687101,177.81774907542305,174.57656449624562,174.86489073181664,6339454.0
2018-10-30,173.16,176.43,172.64,176.24,5657107.0,0.0,1.0,172.1605894878404,175.41171635100304,171.64359072060964,175.22281295528407,5657107.0
2018-10-29,173.74,175.99,170.95,173.2,5918379.0,0.0,1.0,172.7372419589824,174.97425585565395,169.96334472710967,172.20035862378126,5918379.0
2018-10-26,176.88,177.34,170.91,172.23,9472266.0,0.0,1.0,175.8591191303373,176.31646419365688,169.92357559116888,171.23595707721614,9472266.0
2018-10-25,177.52,180.5,176.8262,179.07,5227977.0,0.0,1.0,176.49542530539054,179.45822593298215,175.8056296424969,178.0364793230976,5227977.0
2018-10-24,178.58,182.3693,176.31,176.97,6783890.0,0.0,1.0,177.54930740782245,181.3167370783369,175.2924089431806,175.94859968620418,6783890.0
2018-10-23,175.77,179.49,175.44,178.53,6978297.0,0.0,1.0,174.7555256079794,178.4540552504763,174.42743023646756,177.4995959878964,6978297.0
2018-10-22,180.82,181.4,177.56,178.75,4802428.0,0.0,1.0,179.77637902050876,180.3530314916508,176.53519444133136,177.71832623557097,4802428.0
2018-10-19,180.34,180.99,178.57,179.85,7003956.0,0.0,1.0,179.29914938921885,179.9453978482573,177.53936512383723,178.8119774739437,7003956.0
2018-10-18,184.26,185.4,179.53,180.44,9188427.0,0.0,1.0,183.19652471141998,184.3299450857335,178.49382438641712,179.39857222907094,9188427.0
2018-10-17,189.64,190.67,183.98,185.17,8985667.0,0.0,1.0,188.54547349546115,189.56952874593742,182.91814075983413,184.1012725540737,8985667.0
2018-10-16,191.83,194.08,190.61,193.58,4057379.0,0.0,1.0,190.72283368822147,192.959847584893,189.50987504202627,192.46273338563262,4057379.0
2018-10-15,192.36,193.29,190.7021,191.17,3642752.0,0.0,1.0,191.2497747394374,192.1744071500616,189.60144347752998,190.06664294519783,3642752.0
2018-10-12,192.75,193.59,190.16,192.47,5448455.0,0.0,1.0,191.6375238148605,192.47267566961784,189.06247226269195,191.3591398632747,5448455.0
2018-10-11,193.71,196.67,188.47,189.74,5831416.0,0.0,1.0,192.5919830774403,195.5348991370615,187.38222626919202,188.64489633531326,5831416.0
2018-10-10,199.11,199.24,193.35,193.7,6063135.0,0.0,1.0,197.96081642945202,198.0900661212597,192.2340608539729,192.5820407934551,6063135.0
2018-10-09,197.95,199.18,195.58,195.75,4466322.0,0.0,1.0,196.807511487168,198.03041241734843,194.451190182674,194.6202090104225,4466322.0
2018-10-08,196.24,198.66,195.06,198.41,3731050.0,0.0,1.0,195.10738092569764,197.51341365011768,193.93419141544328,197.2648565504875,3731050.0
2018-10-05,199.07,199.7,194.57,196.38,5015886.0,0.0,1.0,197.92104729351115,198.5474111845792,193.44701950016807,195.2465729014905,5015886.0
2018-10-04,203.65,203.76,198.27,198.85,5908831.0,0.0,1.0,202.4746133587359,202.58397848257312,197.12566457469458,197.7023170458366,5908831.0
2018-10-03,206.1622,206.46,203.65,203.74,4162453.0,0.0,1.0,204.97231394149952,205.2683951585789,202.4746133587359,202.56409391460275,4162453.0
2018-10-02,207.49,208.04,204.67,204.75,4427699.0,0.0,1.0,206.29245040905525,206.83927602824158,203.4887263252269,203.56826459710862,4427699.0
2018-10-01,208.52,209.79,207.37,207.6,3670601.0,0.0,1.0,207.3165056595316,208.57917572565282,206.1731430012328,206.40181553289253,3670601.0
2018-09-28,206.44,208.85,206.35,207.15,3966075.0,0.0,1.0,205.24851059060853,207.64460103104335,205.15903003474168,205.95441275355824,3966075.0
2018-09-27,207.5,207.83,205.6713,206.84,3217980.0,0.0,1.0,206.30239269304042,206.63048806455228,204.4842472206657,205.64620195001683,3217980.0
2018-09-26,208.58,209.14,207.23,207.52,2965845.0,0.0,1.0,207.3761593634428,207.93292726661437,206.03395102543988,206.32227726101087,2965845.0
2018-09-25,208.84,209.3,206.8,207.46,4348210.0,0.0,1.0,207.63465874705815,208.0920038103777,205.60643281407602,206.2626235570996,4348210.0
2018-09-24,211.52,211.84,207.96,207.99,4621889.0,0.0,1.0,210.2991908550936,210.6173439426202,206.75973775636,206.78956460831557,4621889.0
2018-09-21,211.3,212.66,210.51,212.39,9748208.0,0.0,1.0,210.080460607419,211.43261122940717,209.2950201725877,211.16416956180652,9748208.0
2018-09-20,211.66,212.61,211.005,211.06,4020776.0,0.0,1.0,210.43838283088647,211.38289980948116,209.78716322985542,209.8418457917741,4020776.0
2018-09-19,212.0,212.67,210.66,211.68,2572925.0,0.0,1.0,210.7764204863835,211.44255351339237,209.4441544323658,210.4582673988569,2572925.0
2018-09-18,208.63,211.73,208.16,211.02,4337992.0,0.0,1.0,207.4258707833688,210.50797881878293,206.95858343606412,209.80207665583325,4337992.0
2018-09-17,209.08,210.035,208.26,208.4,3074055.0,0.0,1.0,207.87327356270316,208.8227616832904,207.05800627591614,207.1971982517091,3074055.0
2018-09-14,210.19,210.53,207.55,209.07,3622393.0,0.0,1.0,208.97686708506112,209.3149047405581,206.35210411296646,207.8633312787179,3622393.0
2018-09-13,211.44,211.44,208.7,209.45,4680973.0,0.0,1.0,210.2196525832119,210.2196525832119,207.49546677126528,208.24113807015576,4680973.0
2018-09-12,214.03,215.43,210.91,211.98,5660075.0,0.0,1.0,212.79470413538047,214.18662389330945,209.692711531996,210.75653591841308,5660075.0
2018-09-11,213.0,214.66,211.5,213.85,5969470.0,0.0,1.0,211.77064888490418,213.42106802644852,210.27930628712318,212.61574302364681,5969470.0
2018-09-10,208.13,211.62,208.13,210.69,5585017.0,0.0,1.0,206.92875658410847,210.39861369494565,206.92875658410847,209.4739812843214,5585017.0
2018-09-07,205.45,207.2299,205.43,206.23,3672223.0,0.0,1.0,204.26422447607303,206.03385160259998,204.2443399081026,205.03972262691917,3672223.0
2018-09-06,204.59,207.09,203.8,205.89,3490421.0,0.0,1.0,203.4091880533453,205.89475904964695,202.623747618514,204.70168497142217,3490421.0
2018-09-05,204.83,206.67,203.15,204.15,3667069.0,0.0,1.0,203.64780286899025,205.4771831222683,201.9774991594755,202.9717275579962,3667069.0
2018-09-04,200.69,205.92,200.5,205.08,4611840.0,0.0,1.0,199.5316972991146,204.7315118233778,199.3427939033957,203.89635996862046,4611840.0
2018-08-31,199.38,200.91,199.29,200.77,4023306.0,0.0,1.0,198.22925809705256,199.75042754678918,198.13977754118568,199.6112355709963,4023306.0
2018-08-30,201.0,201.44,199.1,199.26,2825531.0,0.0,1.0,199.8399081026561,200.27736859800515,197.9508741454668,198.1099506892301,2825531.0
2018-08-29,201.11,201.99,200.7125,201.68,2488194.0,1.03,1.0,199.9492732264933,200.82419421719155,199.55406743808135,200.51598341365013,2488194.0
2018-08-28,202.3,202.4196,200.63,201.97,3516286.0,0.0,1.0,200.11042101811168,200.22872653641997,198.45849613872346,199.783992748532,3516286.0
2018-08-27,202.83,202.95,201.19,201.98,2521349.0,0.0,1.0,200.6346846025882,200.7533857915263,199.01243502043445,199.7938845142768,2521349.0
2018-08-24,200.35,202.5,200.0,201.3,3053678.0,0.0,1.0,198.1815266978679,200.3082563330085,197.8353148967985,199.1212444436277,3053678.0
2018-08-23,199.39,201.41,199.14,200.16,3595033.0,0.0,1.0,197.2319171863633,199.23005386682087,196.98462304274227,197.99358314871597,3595033.0
2018-08-22,200.8,203.55,198.6505,198.97,5006301.0,0.0,1.0,198.62665615638568,201.3468917362167,196.5004211095324,196.81646302508,5006301.0
2018-08-21,198.83,200.74,198.41,200.23,4121878.0,0.0,1.0,196.67797830465224,198.5673055619167,196.26252414336892,198.06282550892982,4121878.0
2018-08-20,195.84,198.44,195.4,197.93,2955884.0,0.0,1.0,193.72034034694508,196.2921994406035,193.28510265417214,195.78771938761662,2955884.0
2018-08-17,195.6,195.98,194.82,195.56,3885234.0,0.0,1.0,193.4829379690689,193.85882506737286,192.7113802409714,193.4433709060896,3885234.0
2018-08-16,194.02,196.09,193.72,195.39,5689820.0,0.0,1.0,191.92003898138424,193.9676344905661,191.62328600903905,193.27521088842732,5689820.0
2018-08-15,191.75,194.18,191.09,193.99,6044899.0,0.0,1.0,189.6746081573056,192.0783072333017,189.02175161814614,191.8903636841497,6044899.0
2018-08-14,195.17,195.98,191.27,193.1,11483966.0,0.0,1.0,193.05759204204082,193.85882506737286,189.19980340155328,191.00999653285896,11483966.0
2018-08-13,196.3,197.59,194.0,194.14,5284830.0,0.0,1.0,194.17536157120773,195.4513993522921,191.90025544989456,192.03874017032226,5284830.0
2018-08-10,197.34,197.93,195.6438,196.3,2873006.0,0.0,1.0,195.2041052086711,195.78771938761662,193.52626390303132,194.17536157120773,2873006.0
2018-08-09,199.0,199.74,198.04,198.08,2465988.0,0.0,1.0,196.84613832231446,197.57812898743268,195.89652881080985,195.93609587378924,2465988.0
2018-08-08,197.44,198.91,197.3,198.02,2176685.0,0.0,1.0,195.30302286611945,196.75711243061096,195.16453814569172,195.87674527932018,2176685.0
2018-08-07,196.35,197.2,195.64,197.05,3028645.0,0.0,1.0,194.22482039993199,195.0656204882433,193.52250503204831,194.91724400207073,3028645.0
2018-08-06,195.62,196.06,195.11,195.69,2515673.0,0.0,1.0,193.50272150055864,193.9379591933316,192.99824144757184,193.57196386077248,2515673.0
2018-08-03,196.03,196.4,195.25,195.64,2309031.0,0.0,1.0,193.90828389609703,194.27427922865616,193.13672616799957,193.52250503204831,2309031.0
2018-08-02,195.1,195.8444,193.55,195.66,3532589.0,0.0,1.0,192.9883496818269,193.72469272387283,191.4551259913768,193.54228856353802,3532589.0
2018-08-01,196.86,197.74,195.6,196.3,3086820.0,0.0,1.0,194.7293004529188,195.5997758384647,193.4829379690689,194.17536157120773,3086820.0
2018-07-31,197.69,198.03,196.87,197.52,2794669.0,0.0,1.0,195.5503170097405,195.88663704506504,194.7391922186636,195.38215699207825,2794669.0
2018-07-30,196.53,197.57,196.4,197.28,2331224.0,0.0,1.0,194.40287218333904,195.43161582080242,194.27427922865616,195.14475461420204,2331224.0
2018-07-27,200.21,200.49,196.68,197.14,3871463.0,0.0,1.0,198.04304197744014,198.32001141829568,194.5512486695117,195.0062698937743,3871463.0
2018-07-26,201.53,202.12,198.91,199.4,4280024.0,0.0,1.0,199.34875505575906,199.93236923470454,196.75711243061096,197.24180895210813,4280024.0
2018-07-25,201.4,202.29,199.07,201.0,4383050.0,0.0,1.0,199.22016210107608,200.10052925236684,196.91538068252842,198.8244914712825,4383050.0
2018-07-24,203.53,204.25,201.35,201.99,5058066.0,0.0,1.0,201.32710820472698,202.03931533835544,199.17070327235191,199.80377628002162,5058066.0
2018-07-23,202.46,203.39,201.9,202.23,2207583.0,0.0,1.0,200.26868927002914,201.18862348429923,199.7147503883181,200.0411786578978,2207583.0
2018-07-20,202.08,203.76,201.82,202.45,3568187.0,0.0,1.0,199.89280217172524,201.55461881685832,199.63561626235938,200.25879750428427,3568187.0
2018-07-19,200.89,203.23,200.5463,202.63,3655058.0,0.0,1.0,198.71568204808926,201.03035523238182,198.37570205943908,200.43684928769142,3655058.0
2018-07-18,201.02,201.92,200.19,200.97,3783908.0,0.0,1.0,198.84427500277215,199.73453391980775,198.02325844595046,198.794816174048,3783908.0
2018-07-17,198.63,201.43,198.63,201.1,4661601.0,0.0,1.0,196.48014298975545,199.24983739831063,196.48014298975545,198.9234091287309,4661601.0
2018-07-16,199.14,199.22,197.89,198.88,2530462.0,0.0,1.0,196.98462304274227,197.063757168701,195.7481523246373,196.72743713337644,2530462.0
2018-07-13,198.46,199.93,198.46,198.69,2311624.0,0.0,1.0,196.3119829720932,197.76607253658463,196.3119829720932,196.53949358422452,2311624.0
2018-07-12,198.2,198.48,197.0,197.95,2709194.0,0.0,1.0,196.0547970627273,196.33176650358283,194.86778517334653,195.80750291910635,2709194.0
2018-07-11,197.22,197.76,195.9506,196.95,3093238.0,0.0,1.0,195.085404019733,195.61955936995437,193.82974327608304,194.8183263446223,3093238.0
2018-07-10,196.56,197.76,196.38,197.61,2840826.0,0.0,1.0,194.4325474805736,195.61955936995437,194.25449569716645,195.47118288378175,2840826.0
2018-07-09,195.7,196.71,195.03,196.08,2570252.0,0.0,1.0,193.5818556265173,194.58092396674613,192.91910732161307,193.9577427248213,2570252.0
2018-07-06,194.58,195.35,192.95,194.48,2552367.0,0.0,1.0,192.47397786309529,193.23564382544797,190.86162004668637,192.37506020564686,2552367.0
2018-07-05,194.49,194.74,193.13,194.41,3040575.0,0.0,1.0,192.38495197139173,192.6322461150127,191.03967183009345,192.30581784543295,3040575.0
2018-07-03,194.44,195.71,193.41,193.62,1608418.0,0.0,1.0,192.3354931426675,193.5917473922622,191.316641270949,191.52436835159062,1608418.0
2018-07-02,193.82,194.18,192.12,194.02,3822776.0,0.0,1.0,191.72220366648742,192.0783072333017,190.04060348986462,191.92003898138424,3822776.0
2018-06-29,195.86,198.83,194.99,195.1,4106627.0,0.0,1.0,193.74012387843484,196.67797830465224,192.87954025863368,192.9883496818269,4106627.0
2018-06-28,195.0,196.01,193.51,195.21,2994020.0,0.0,1.0,192.88943202437855,193.88850036460738,191.41555892839742,193.09715910502015,2994020.0
2018-06-27,196.66,197.99,195.01,195.02,3771522.0,0.0,1.0,194.531465138022,195.84706998208569,192.89932379012342,192.90921555586826,3771522.0
2018-06-26,196.58,197.33,195.6,196.36,3270629.0,0.0,1.0,194.4523310120633,195.1942134429263,193.4829379690689,194.2347121656768,3270629.0
2018-06-25,197.41,197.84,195.06,196.38,5127170.0,0.0,1.0,195.27334756888496,195.6986934959131,192.9487826188476,194.25449569716645,5127170.0
2018-06-22,200.79,201.2,197.17,197.41,7041652.0,0.0,1.0,198.61676439064087,199.02232678617932,195.0359451910088,195.27334756888496,7041652.0
2018-06-21,199.21,200.94,198.61,200.31,4587792.0,0.0,1.0,197.05386540295612,198.76514087681343,196.46035945826577,198.14195963488854,4587792.0
2018-06-20,200.0,200.13,198.12,199.08,3389406.0,0.0,1.0,197.8353148967985,197.96390785148145,195.9756629367686,196.9252724482733,3389406.0
2018-06-19,198.21,199.9,198.1,199.21,5501133.0,0.0,1.0,196.06468882847213,197.73639723935008,195.9558794052789,197.05386540295612,5501133.0
2018-06-18,198.94,200.91,198.11,200.69,3405345.0,0.0,1.0,196.78678772784545,198.7354655795789,195.96577117102382,198.51784673319247,3405345.0
2018-06-15,198.95,201.6,198.5,200.54,7820698.0,0.0,1.0,196.79667949359032,199.41799741597285,196.3515500350725,198.36947024701985,7820698.0
2018-06-14,200.26,201.0,198.16,199.67,4302142.0,0.0,1.0,198.09250080616437,198.8244914712825,196.015229999748,197.50888662721883,4302142.0
2018-06-13,201.3,201.58,199.6588,200.31,5125660.0,0.0,1.0,199.1212444436277,199.39821388448325,197.49780784958458,198.14195963488854,5125660.0
2018-06-12,199.84,201.34,199.51,201.31,4616565.0,0.0,1.0,197.6770466448811,199.1608115066071,197.3506183753013,199.13113620937253,4616565.0
2018-06-11,198.91,200.52,198.34,199.64,4242950.0,0.0,1.0,196.75711243061096,198.3496867155302,196.1932817831551,197.47921132998425,4242950.0
2018-06-08,195.87,198.5,195.01,198.33,4005213.0,0.0,1.0,193.7500156441796,196.3515500350725,192.89932379012342,196.18339001741023,4005213.0
2018-06-07,193.83,197.2,193.83,196.17,4378743.0,0.0,1.0,191.73209543223228,195.0656204882433,191.73209543223228,194.04676861652482,4378743.0
2018-06-06,193.07,193.59,191.21,193.59,4134540.0,0.0,1.0,190.98032123562442,191.4946930543561,189.14045280708424,191.4946930543561,4134540.0
2018-06-05,190.44,192.38,189.7,191.94,4231073.0,0.0,1.0,188.37878684473156,190.29778939923045,187.64679617961337,189.86255170645757,4231073.0
2018-06-04,188.22,191.54,187.97,191.36,4101118.0,0.0,1.0,186.1828148493771,189.4668810766639,185.93552070575612,189.28882929325684,4101118.0
2018-06-01,187.21,188.83,186.52,187.35,3706013.0,0.0,1.0,185.18374650914825,186.78621255981238,184.50121467275432,185.322231229576,3706013.0
2018-05-31,187.16,187.36,185.25,186.55,4839928.0,0.0,1.0,185.13428768042405,185.33212299532084,183.24496042315963,184.53088996998886,4839928.0
2018-05-30,184.83,187.8,184.01,187.09,3976000.0,1.03,1.0,182.82950626187642,185.76736068809385,182.01838147079945,185.06504532021015,3976000.0
2018-05-29,185.55,186.83,184.25,185.0,4725486.0,0.0,1.0,182.53678056115777,183.7959941376508,181.257891772532,181.9957122275084,4725486.0
2018-05-25,186.71,187.8302,186.05,186.85,2730401.0,0.0,1.0,183.67794286485454,184.77995149640728,183.02866086447537,183.81566934978352,2730401.0
2018-05-24,186.79,187.41,184.67,187.15,3941249.0,0.0,1.0,183.7566437133854,184.3665752894992,181.6710712273188,184.1107975317741,3941249.0
2018-05-23,187.1,187.315,184.98,186.67,7387362.0,0.0,1.0,184.0616095014423,184.27311803186885,181.97603701537568,183.63859244058915,7387362.0
2018-05-22,190.06,190.78,186.5175,186.87,4585635.0,0.0,1.0,186.97354089708242,187.68184853385972,183.48856894807733,183.8353445619162,4585635.0
2018-05-21,188.2,190.67,188.0,189.79,4147784.0,0.0,1.0,185.143746168741,187.57363486712987,184.94699404741402,186.7079255332909,4147784.0
2018-05-18,185.75,188.21,185.55,187.42,4696173.0,0.0,1.0,182.73353268248482,185.15358377480732,182.53678056115777,184.37641289556558,4696173.0
2018-05-17,186.25,187.18,184.87,185.33,4227127.0,0.0,1.0,183.22541298580242,184.1403103499731,181.86782334864586,182.320353227698,4227127.0
2018-05-16,189.28,189.28,185.9,186.38,5043211.0,0.0,1.0,186.20620762390698,186.20620762390698,182.88109677348012,183.35330186466496,5043211.0
2018-05-15,189.5,189.69,186.101,187.98,10143621.0,0.0,1.0,186.42263495736674,186.6095494726274,183.0788326554137,184.92731883528128,10143621.0
2018-05-14,191.5,191.65,189.86,191.08,7021481.0,0.0,1.0,188.39015617063708,188.53772026163242,186.77678877575542,187.97697671585038,7021481.0
2018-05-11,187.63,190.8,187.35,190.31,5350002.0,0.0,1.0,184.5830026229589,187.70152374599246,184.3075496531011,187.2194810487412,5350002.0
2018-05-10,185.97,187.97,185.88,187.16,3849033.0,0.0,1.0,182.94996001594453,184.9174812292149,182.86142156134738,184.12063513784042,3849033.0
2018-05-09,185.03,186.5,183.57,186.36,3392251.0,0.0,1.0,182.02522504570743,183.4713531374612,180.5889345600201,183.33362665253227,3392251.0
2018-05-08,183.45,185.3,182.5,185.04,4168056.0,0.0,1.0,180.4708832872239,182.29084040949897,179.53631071092047,182.03506265177379,4168056.0
2018-05-07,185.4,185.5,182.67,183.56,3582327.0,0.0,1.0,182.3892164701625,182.487592530826,179.70355001404843,180.5790969539537,3582327.0
2018-05-04,182.75,186.35,181.84,185.03,3895987.0,0.0,1.0,179.78225086257922,183.32378904646592,178.88702871054127,182.02522504570743,3895987.0
2018-05-03,184.87,184.9,181.201,183.19,4123050.0,0.0,1.0,181.86782334864586,181.8973361668449,178.25840568290138,180.21510552949874,4123050.0
2018-05-02,184.49,187.12,183.75,185.91,3866459.0,0.0,1.0,181.4939943181245,184.08128471357497,180.76601146921445,182.8909343795464,3866459.0
2018-05-01,184.73,184.73,181.4,184.63,3423484.0,0.0,1.0,181.73009686371688,181.73009686371688,178.45417404362178,181.63172080305335,3423484.0
2018-04-30,186.99,187.8,184.8,184.8,4173175.0,0.0,1.0,183.95339583471244,184.75024192608691,181.79896010618143,181.79896010618143,4173175.0
2018-04-27,185.49,187.0432,183.87,186.46,4382037.0,0.0,1.0,182.47775492475967,184.00573189898543,180.8840627420106,183.43200271319577,4382037.0
2018-04-26,178.46,185.93,178.08,185.72,8781190.0,0.0,1.0,175.56191786011433,182.91060959167916,175.18808882959297,182.70401986428573,8781190.0
2018-04-25,176.08,178.07,174.55,177.39,5586904.0,0.0,1.0,173.22056761632263,175.17825122352662,171.71541388817081,174.50929401101467,5586904.0
2018-04-24,179.3,180.0,175.05,176.26,4434889.0,0.0,1.0,176.3882767696879,177.0769091943325,172.20729419148842,173.39764452551694,4434889.0
2018-04-23,177.62,178.38,176.13,177.66,2986384.0,0.0,1.0,174.73555895054082,175.48321701158352,173.26975564665435,174.77490937480619,2986384.0
2018-04-20,177.85,178.89,176.32,177.01,5008614.0,0.0,1.0,174.96182389006682,175.98493492096745,173.456670161915,174.1354649804933,5008614.0
2018-04-19,179.5,179.7,175.77,177.08,5406945.0,0.0,1.0,176.5850288910149,176.78178101234195,172.9156018282657,174.2043282229578,5406945.0
2018-04-18,175.0,180.25,174.99,179.85,5857809.0,0.0,1.0,172.15810616115658,177.32284934599133,172.14826855509025,176.92934510333725,5857809.0
2018-04-17,175.76,176.24,174.1,174.91,3106373.0,0.0,1.0,172.90576422219934,173.37796931338426,171.2727216151849,172.06956770655944,3106373.0
2018-04-16,174.23,175.6,173.32,174.43,3533856.0,0.0,1.0,171.4006104940475,172.74836252513768,170.5053883420095,171.59736261537458,3533856.0
2018-04-13,174.49,175.51,172.225,172.8,4310835.0,0.0,1.0,171.65638825177268,172.65982407054054,169.42817047774398,169.99383282655918,4310835.0
2018-04-12,173.31,174.24,172.9,173.36,3395356.0,0.0,1.0,170.49555073594314,171.41044810011388,170.09220888722274,170.54473876627492,3395356.0
2018-04-11,172.0,175.06,171.8,172.86,3918874.0,0.0,1.0,169.20682434125106,172.2171317975547,169.01007221992404,170.05285846295737,3918874.0
2018-04-10,174.03,174.1851,172.2352,173.49,4811408.0,0.0,1.0,171.20385837272048,171.3564396428096,169.43820483593166,170.67262764513745,4811408.0
2018-04-09,175.06,175.35,172.37,172.51,5079802.0,0.0,1.0,172.2171317975547,172.50242237347888,169.5708157657061,169.708542250635,5079802.0
2018-04-06,177.98,178.52,173.35,174.45,5234342.0,0.0,1.0,175.08971276892945,175.62094349651244,170.53490116020856,171.61703782750726,5234342.0
2018-04-05,178.0,180.04,177.31,179.13,3796772.0,0.0,1.0,175.10938798106216,177.1162596185979,174.43059316248392,176.2210374665599,3796772.0
2018-04-04,170.8,177.84,170.4204,177.44,4756933.0,0.0,1.0,168.02631161328887,174.95198628400055,167.65287608701013,174.55848204134642,4756933.0
2018-04-03,172.78,174.9385,172.43,173.76,5283087.0,0.0,1.0,169.9741576144265,172.09760488384856,169.62984140210418,170.93824300892896,5283087.0
2018-04-02,177.15,177.69,170.42,172.9,7229319.0,0.0,1.0,174.27319146542226,174.80442219300525,167.65248258276748,170.09220888722274,7229319.0
2018-03-29,175.7,178.64,175.5,178.24,4423526.0,0.0,1.0,172.84673858580123,175.73899476930862,172.64998646447418,175.3454905266546,4423526.0
2018-03-28,175.24,177.53,173.92,174.76,4318636.0,0.0,1.0,172.39420870674903,174.64702049594365,171.0956447059906,171.92200361556417,4318636.0
2018-03-27,177.38,178.73,173.6,174.68,4713911.0,0.0,1.0,174.49945640494832,175.82753322390582,170.78084131186736,171.84330276703338,4713911.0
2018-03-26,174.11,176.8,173.515,176.38,7323601.0,0.0,1.0,171.28255922125132,173.9288752530999,170.69722166030334,173.51569579831315,7323601.0
2018-03-23,176.24,177.56,171.56,171.8,6021266.0,0.0,1.0,173.37796931338426,174.67653331414266,168.7739696743316,169.01007221992404,6021266.0
2018-03-22,177.42,178.56,175.08,175.29,5255092.0,0.0,1.0,174.53880682921374,175.6602939207779,172.23680700968742,172.4433967370808,5255092.0
2018-03-21,178.35,180.14,177.68,178.02,3494433.0,0.0,1.0,175.45370419338443,177.2146356792614,174.7945845869389,175.1290631931949,3494433.0
2018-03-20,177.64,178.8883,177.16,178.16,4148338.0,0.0,1.0,174.75523416267345,175.98326252793618,174.2830290714886,175.2667896781238,4148338.0
2018-03-19,178.65,179.32,176.0,177.1,4744511.0,0.0,1.0,175.74883237537503,176.40795198182062,173.14186676779178,174.22400343509048,4744511.0
2018-03-16,178.43,180.4,177.97,178.96,8410919.0,0.0,1.0,175.53240504191533,177.47041343698658,175.0798751628631,176.05379816343194,8410919.0
2018-03-15,177.69,179.86,176.72,178.07,3936650.0,0.0,1.0,174.80442219300525,176.9391827094036,173.85017440456912,175.17825122352662,3936650.0
2018-03-14,179.1,179.66,175.89,177.41,4531510.0,0.0,1.0,176.19152464836085,176.74243058807656,173.0336531010619,174.52896922314739,4531510.0
2018-03-13,179.59,180.95,177.86,178.35,6127315.0,0.0,1.0,176.6735673456121,178.0114817706359,174.97166149613324,175.45370419338443,6127315.0
2018-03-12,182.43,183.06,179.55,179.71,4958226.0,0.0,1.0,179.46744746845604,180.08721665063615,176.6342169213467,176.7916186184083,4958226.0
2018-03-09,179.0,182.24,177.92,182.16,4477217.0,0.0,1.0,176.0931485876973,179.2805329531953,175.0306871325313,179.2018321046645,4477217.0
2018-03-08,179.44,179.98,176.73,177.94,4750745.0,0.0,1.0,176.52600325461682,177.05723398219982,173.86001201063544,175.05036234466405,4750745.0
2018-03-07,178.82,180.0,176.82,178.58,4799246.0,1.03,1.0,175.916071678503,177.0769091943325,173.94855046523261,175.67996913291057,4799246.0
2018-03-06,182.75,183.0,179.51,181.64,5302091.0,0.0,1.0,178.75126306463673,178.995792836271,175.58215722425686,177.66555087858063,5302091.0
2018-03-05,177.86,182.26,177.7,181.74,5748553.0,0.0,1.0,173.9682607314708,178.27198471223358,173.8117616776249,177.76336278723437,5748553.0
2018-03-02,177.72,179.185,176.34,178.46,5671038.0,0.0,1.0,173.83132405935558,175.26426852113232,172.48151971993457,174.55513218339297,5671038.0
2018-03-01,182.75,184.4,178.25,179.64,6123863.0,0.0,1.0,178.75126306463673,180.36515955742283,174.34972717522027,175.70931270550662,6123863.0
2018-02-28,184.41,186.6495,182.27,182.27,6419903.0,0.0,1.0,180.3749407482881,182.5654384425877,178.28176590309897,178.28176590309897,6419903.0
2018-02-27,188.87,189.25,184.96,184.98,4618330.0,0.0,1.0,184.7373518742432,185.10903712712727,180.91290624588348,180.93246862761418,4618330.0
2018-02-26,189.17,189.79,187.8601,188.46,4647406.0,0.0,1.0,185.03078760020423,185.6372214338572,183.74954940874943,184.336323048763,4647406.0
2018-02-23,186.2,188.41,185.62,188.35,4314525.0,0.0,1.0,182.1257739131894,184.2874170944361,181.5584648429979,184.22872994924396,4314525.0
2018-02-22,183.72,186.2199,182.91,185.47,5653924.0,0.0,1.0,179.70003857857762,182.14523848301147,178.90776211848262,181.41174698001737,5653924.0
2018-02-21,187.21,187.98,182.86,183.06,7527186.0,0.0,1.0,183.11367419059172,183.8668258872252,178.8588561641558,179.0544799814632,7527186.0
2018-02-20,189.9,191.44,186.31,186.71,8922129.0,0.0,1.0,185.74481453337629,187.25111792664325,182.23336701270844,182.62461464732326,8922129.0
2018-02-16,185.06,187.99,184.86,186.97,7619162.0,0.0,1.0,181.0107181545372,183.8766070780906,180.8150943372298,182.8789256098229,7619162.0
2018-02-15,186.74,187.19,183.255,185.27,5113323.0,0.0,1.0,182.65395821991936,183.09411180886104,179.2452132033379,181.21612316271,5113323.0
2018-02-14,181.88,185.06,181.05,184.69,6767034.0,0.0,1.0,177.90029945934953,181.0107181545372,177.0884606175238,180.6488140925185,6767034.0
2018-02-13,183.23,183.99,180.89,183.72,4273608.0,0.0,1.0,179.22076022617446,179.96413073194265,176.9319615636779,179.70003857857762,4273608.0
2018-02-12,186.55,187.01,183.41,184.06,6783710.0,0.0,1.0,182.46811559347734,182.9180503732844,179.39682166175118,180.0325990680002,6783710.0
2018-02-09,183.25,186.0,175.79,184.12,9057477.0,0.0,1.0,179.24032260790523,181.930150095882,171.94355422233917,180.09128621319243,9057477.0
2018-02-08,191.14,191.14,180.93,181.22,7241823.0,0.0,1.0,186.95768220068211,186.95768220068211,176.9710863271394,177.2547408622351,7241823.0
2018-02-07,190.73,194.515,189.72,191.29,6016847.0,0.0,1.0,186.556653375202,190.25883411774453,185.5687530977996,187.1044000636627,6016847.0
2018-02-06,178.62,191.96,175.42,191.04,11682716.0,0.0,1.0,174.71163123723892,187.7597398516425,171.5816501603205,186.85987029202843,11682716.0
2018-02-05,190.07,194.295,180.38,183.11,10618526.0,0.0,1.0,185.91109477808757,190.0436479187064,176.43312082954404,179.10338593579002,10618526.0
2018-02-02,199.25,199.3,193.44,193.97,6178236.0,0.0,1.0,194.8902279924972,194.93913394682411,189.2073560997173,189.72575921558186,6178236.0
2018-02-01,199.34,202.25,198.28,199.9,3553795.0,0.0,1.0,194.97825871028562,197.82458525210828,193.94145247855636,195.52600539874626,3553795.0
2018-01-31,203.22,205.083,200.23,200.9,4547323.0,0.0,1.0,198.77336076604908,200.59559662426759,195.84878469730347,196.50412448528328,4547323.0
2018-01-30,201.47,203.15,191.57,201.81,5979620.0,0.0,1.0,197.0616523646094,198.70489242999156,187.37827340789303,197.394212854032,5979620.0
2018-01-29,207.23,207.605,204.71,204.92,3632937.0,0.0,1.0,202.69561830306247,203.06241296051385,200.23075820498929,200.436163213162,3632937.0
2018-01-26,205.6,207.3098,204.44,207.23,3778050.0,0.0,1.0,201.10128419200717,202.77367220616813,199.96666605162426,202.69561830306247,3778050.0
2018-01-25,206.8,206.83,203.84,205.37,3537694.0,0.0,1.0,202.27502709585158,202.3043706684477,199.37979459970202,200.8763168021037,3537694.0
2018-01-24,205.2,207.1,204.551,206.22,4370661.0,0.0,1.0,200.71003655739239,202.56846282181263,200.07523727022985,201.70771802566009,4370661.0
2018-01-23,204.89,206.35,204.15099999999998,204.9,3621745.0,0.0,1.0,200.40681964056589,201.83487350691,199.68398963561503,200.41660083143128,3621745.0
2018-01-22,201.6,204.47,201.51,204.46,4857697.0,0.0,1.0,197.18880784585917,199.9960096242204,197.10077712807083,199.986228433355,4857697.0
2018-01-19,199.81,201.33,199.13,201.33,5809308.0,0.0,1.0,195.43797468095798,196.9247156924942,194.7728537021128,196.9247156924942,5809308.0
2018-01-18,199.78,200.24,197.66,198.33,4473442.0,0.0,1.0,195.40863110836185,195.85856588816887,193.33501864490339,193.9903584328832,4473442.0
2018-01-17,197.5,199.82,196.8401,199.82,3995717.0,0.0,1.0,193.17851959105747,195.44775587182326,192.53305880585168,195.44775587182326,3995717.0
2018-01-16,197.86,198.9496,195.7,196.31,5692715.0,0.0,1.0,193.5306424622108,194.59640101890147,191.41790523529087,192.01455787807842,5692715.0
2018-01-12,195.5,199.42,194.82,196.42,6748104.0,0.0,1.0,191.22228141798348,195.05650823720853,190.5571604391383,192.1221509775975,6748104.0
2018-01-11,191.68,194.73,191.4,194.68,3896081.0,0.0,1.0,187.4858665074121,190.46912972135,187.21199316318177,190.42022376702317,3896081.0
2018-01-10,192.76,193.21599999999998,191.65,191.8,3119520.0,0.0,1.0,188.54223512087208,188.98825742433297,187.456522934816,187.6032407977966,3119520.0
2018-01-09,192.7,193.47,191.64,193.1,3012324.0,0.0,1.0,188.4835479756799,189.2366996723134,187.4467417439506,188.8747956102946,3012324.0
2018-01-08,191.72,193.72,191.6,192.04,3505928.0,0.0,1.0,187.5249912708736,189.4812294439476,187.4076169804892,187.83798937856545,3505928.0
2018-01-05,190.93,192.54,190.51,192.5,4223962.0,0.0,1.0,186.75227719250938,188.32704892183395,186.34146717616383,188.28792415837245,4223962.0
2018-01-04,189.87,190.87,188.47,190.51,4047365.0,0.0,1.0,185.71547096078015,186.6935900473172,184.3461042396284,186.34146717616383,4047365.0
2018-01-03,188.0,189.36,187.81900000000002,189.01,4530468.0,0.0,1.0,183.88638826895598,185.21663022664632,183.70934871429284,184.87428854635837,4530468.0
2018-01-02,190.21,190.72,188.0103,188.03,4684674.0,0.0,1.0,186.0480314502028,186.54687218433662,183.8964628955473,183.9157318415521,4684674.0
2017-12-29,190.74,190.74,189.53,189.53,4637827.0,0.0,1.0,186.5664345660674,186.5664345660674,185.3829104713576,185.3829104713576,4637827.0
2017-12-28,190.91,190.98,189.64,189.78,3175631.0,0.0,1.0,186.73271481077862,186.80118314683625,185.49050357087663,185.62744024299184,3175631.0
2017-12-27,190.6,191.49,190.01,190.19,5912613.0,0.0,1.0,186.42949789395215,187.3000238809701,185.8524076328953,186.028469068472,5912613.0
2017-12-26,188.53,190.42,188.34,190.36,2969182.0,0.0,1.0,184.40479138482056,186.25343645837552,184.21894875837856,186.19474931318334,2969182.0
2017-12-22,188.2,188.46,187.27,188.13,3256519.0,0.0,1.0,184.08201208626338,184.336323048763,183.172361335784,184.01354375020577,3256519.0
2017-12-21,187.7,188.84,187.44,188.08,5859058.0,0.0,1.0,183.59295254299485,184.70800830164703,183.33864158049525,183.96463779587899,5859058.0
2017-12-20,187.14,187.9024,186.035,187.31,5383672.0,0.0,1.0,183.04520585453412,183.79092384611,181.96438426391083,183.21148609924546,5383672.0
2017-12-19,185.235,186.72,184.6,185.98,4496706.0,0.0,1.0,181.1818889946812,182.63439583818862,180.56078337473014,181.91058771415126,4496706.0
2017-12-18,183.96,185.47,183.5,184.73,5011827.0,0.0,1.0,179.9347871593465,181.41174698001737,179.48485237953946,180.68793885598,5011827.0
2017-12-15,183.005,183.21,182.13,182.58,8201699.0,0.0,1.0,179.00068343170364,179.20119784444375,178.14482923098382,178.58498281992541,8201699.0
2017-12-14,183.88,184.0,182.06,182.13,3542677.0,0.0,1.0,179.8565376324235,179.97391192280799,178.07636089492618,178.14482923098382,3542677.0
2017-12-13,182.01,183.67,182.0,183.03,5176749.0,0.0,1.0,178.02745494059934,179.65113262425075,178.01767374973397,179.0251364088671,5176749.0
2017-12-12,182.75,183.21,181.66,181.8,5274935.0,0.0,1.0,178.75126306463673,179.20119784444375,177.6851132603114,177.8220499324266,5274935.0
2017-12-11,182.9,182.96,181.1201,182.25,6038891.0,0.0,1.0,178.89798092761725,178.9566680728095,177.15702676549012,178.26220352136826,6038891.0
2017-12-08,182.5,183.9,182.16,183.41,5091538.0,0.0,1.0,178.50673329300247,179.87610001415428,178.1741728035799,179.39682166175118,5091538.0
2017-12-07,180.05,182.58,179.77,182.0,5484611.0,0.0,1.0,176.11034153098686,178.58498281992541,175.8364681867565,178.01767374973397,5484611.0
2017-12-06,180.25,182.15,178.68,180.8,6891093.0,0.0,1.0,176.30596534829422,178.16439161271452,174.7703183824311,176.8439308458896,6891093.0
2017-12-05,184.79,184.91,182.2589,182.85,6347228.0,0.0,1.0,180.7466260011722,180.86400029155664,178.2709087812384,178.8490749732904,6347228.0
2017-12-04,183.19,186.31,183.19,184.9,6192507.0,0.0,1.0,179.18163546271302,182.23336701270844,179.18163546271302,180.8542191006913,6192507.0
2017-12-01,180.32,180.6,176.7,180.42,4682482.0,0.0,1.0,176.3744336843518,176.64830702858217,172.83364259108782,176.47224559300548,4682482.0
2017-11-30,178.07,180.67,177.41,179.82,9179321.0,0.0,1.0,174.17366573964355,176.71677536463974,173.5281071425291,175.8853741410833,9179321.0
2017-11-29,176.57,178.43,175.68,177.25,4901810.0,0.89,1.0,172.70648710983806,174.5257886107969,171.83596112282018,173.37160808868322,4901810.0
2017-11-28,174.89,176.77,172.9911,176.57,6048963.0,0.0,1.0,170.2086030011778,172.03827979025792,168.36053212097346,171.84363332333447,6048963.0
2017-11-27,172.87,174.91,172.38,174.16,4539428.0,0.0,1.0,168.24267368525136,170.22806764787015,167.76578984128898,169.49814339690738,4539428.0
2017-11-24,172.11,173.1,171.7425,172.33,1853587.0,0.0,1.0,167.50301711094238,168.46651712221328,167.1453542279706,167.71712822455814,1853587.0
2017-11-22,172.89,172.94,172.04,172.06,4132897.0,0.0,1.0,168.26213833194367,168.31079994867451,167.43489084751914,167.4543554942115,4132897.0
2017-11-21,170.53,172.86,170.15,172.86,6228970.0,0.0,1.0,165.96531002224742,168.2329413619052,165.5954817350929,168.2329413619052,6228970.0
2017-11-20,168.14,170.69,167.8,170.45,4697484.0,0.0,1.0,163.63928474251261,166.12102719578616,163.30838574874286,165.88745143547806,4697484.0
2017-11-17,167.0,168.43,166.06,167.74,4530027.0,0.0,1.0,162.5297998810492,163.9215221195516,161.61496148650915,163.24999180866584,4530027.0
2017-11-16,166.68,167.76,166.06,167.5,4585477.0,0.0,1.0,162.2183655339717,163.26945645535815,161.61496148650915,163.01641604835768,4585477.0
2017-11-15,167.44,167.44,165.35,165.47,5534520.0,0.0,1.0,162.9580221082807,162.9580221082807,160.92396652893103,161.0407544090851,5534520.0
2017-11-14,163.62,168.14,163.15,168.06,10281508.0,0.0,1.0,159.24027459004353,163.63928474251261,158.78285539277348,163.56142615574328,10281508.0
2017-11-13,164.64,166.64,164.25,165.35,7175307.0,0.0,1.0,160.2329715713529,162.17943624058702,159.85341096085227,160.92396652893103,7175307.0
2017-11-10,163.34,164.58,162.93,164.11,3554220.0,0.0,1.0,158.96776953635074,160.1745776312759,158.56874427915776,159.7171584340059,3554220.0
2017-11-09,164.1,164.135,162.28,163.27,3381255.0,0.0,1.0,159.70742611065972,159.7414892423713,157.9361432616567,158.89964327292756,3381255.0
2017-11-08,163.34,164.68,163.27,164.05,2661622.0,0.0,1.0,158.96776953635074,160.27190086473763,158.89964327292756,159.65876449392889,2661622.0
2017-11-07,164.09,164.4,162.83,163.66,3198129.0,0.0,1.0,159.69769378731354,159.99939581104485,158.47142104569608,159.27920388342818,3198129.0
2017-11-06,164.8,164.88,163.01,164.22,3275219.0,0.0,1.0,160.38868874489168,160.46654733166105,158.64660286592712,159.82421399081375,3275219.0
2017-11-03,163.01,164.99,162.68,164.39,3080591.0,0.0,1.0,158.64660286592712,160.5736028884689,158.3254361955035,159.98966348769866,3080591.0
2017-11-02,165.01,165.01,160.53,162.71,6517095.0,0.0,1.0,160.59306753516125,160.59306753516125,156.23298667607682,158.354633165542,6517095.0
2017-11-01,166.42,166.74,165.12,165.38,3568321.0,0.0,1.0,161.96532512697132,162.27675947404876,160.70012309196912,160.95316349896956,3568321.0
2017-10-31,165.4,166.34,165.1,165.78,2922416.0,0.0,1.0,160.9726281456619,161.8874665402019,160.68065844527678,161.34245643281642,2922416.0
2017-10-30,166.99,166.99,164.88,165.31,3906231.0,0.0,1.0,162.52006755770304,162.52006755770304,160.46654733166105,160.88503723554638,3906231.0
2017-10-27,166.8,167.75,166.46,167.34,3720385.0,0.0,1.0,162.33515341412578,163.259724132012,162.00425442035598,162.86069887481898,3720385.0
2017-10-26,166.39,167.94,166.1068,167.65,3750129.0,0.0,1.0,161.93612815693277,163.44463827558926,161.6605087597692,163.16240089855032,3750129.0
2017-10-25,166.11,166.95,165.3803,166.09,2945980.0,0.0,1.0,161.66362310323998,162.4811382643183,160.95345546866994,161.64415845654767,2945980.0
2017-10-24,164.67,166.46,164.65,166.03,3686538.0,0.0,1.0,160.26216854139142,162.00425442035598,160.2427038946991,161.58576451647062,3686538.0
2017-10-23,164.04,166.265,163.75,164.74,3995025.0,0.0,1.0,159.6490321705827,161.81447411510564,159.36679479354373,160.33029480481466,3995025.0
2017-10-20,163.97,164.15,162.74,163.43,4166481.0,0.0,1.0,159.5809059071595,159.75608772739056,158.38383013558055,159.05536044646632,4166481.0
2017-10-19,163.5,164.11,162.77,163.24,2675062.0,0.0,1.0,159.12348670988948,159.7171584340059,158.41302710561902,158.87044630288906,2675062.0
2017-10-18,163.42,164.24,163.35,163.45,2758595.0,0.0,1.0,159.0456281231201,159.84367863750612,158.9775018596969,159.07482509315858,2758595.0
2017-10-17,164.22,164.92,161.5111,163.35,4189096.0,0.0,1.0,159.82421399081375,160.50547662504567,157.18782491956958,158.9775018596969,4189096.0
2017-10-16,164.47,164.67,163.26,164.22,2586716.0,0.0,1.0,160.06752207446803,160.26216854139142,158.88991094958138,159.82421399081375,2586716.0
2017-10-13,164.92,166.0699,164.35,164.47,3258984.0,0.0,1.0,160.50547662504567,161.62459648662187,159.95073419431395,160.06752207446803,3258984.0
2017-10-12,165.41,165.41,164.47,164.59,3397775.0,0.0,1.0,160.98236046900806,160.98236046900806,160.06752207446803,160.1843099546221,3397775.0
2017-10-11,165.19,165.865,164.45,165.25,2319274.0,0.0,1.0,160.7682493553923,161.42518118125886,160.0480574277757,160.8266432954693,2319274.0
2017-10-10,165.7,165.8,164.64,165.16,2755398.0,0.0,1.0,161.264597846047,161.36192107950873,160.2329715713529,160.7390523853538,2755398.0
2017-10-09,166.14,166.63,165.42,165.71,2131587.0,0.0,1.0,161.6928200732785,162.16970391724087,160.99209279235419,161.2743301693932,2131587.0
2017-10-06,166.18,166.63,165.74,165.85,2916121.0,0.0,1.0,161.73174936666322,162.16970391724087,161.30352713943168,161.41058269623957,2916121.0
2017-10-05,165.07,166.25,164.26,166.12,3504865.0,0.0,1.0,160.65146147523825,161.7998756300864,159.86314328419843,161.6733554265862,3504865.0
2017-10-04,165.49,166.08,164.91,165.29,2746513.0,0.0,1.0,161.06021905577742,161.63442613320152,160.49574430169957,160.865572588854,2746513.0
2017-10-03,164.06,165.28,164.0,165.17,3046281.0,0.0,1.0,159.66849681727504,160.85584026550785,159.61010287719802,160.74878470869996,3046281.0
2017-10-02,164.2,164.25,163.22,164.02,2721377.0,0.0,1.0,159.8047493441214,159.85341096085227,158.8509816561967,159.6295675238904,2721377.0
2017-09-29,162.5,163.61,162.15,163.56,3465252.0,0.0,1.0,158.15025437527245,159.23054226669737,157.80962305815646,159.1818806499665,3465252.0
2017-09-28,160.72,162.45,160.66,162.36,4613200.0,0.0,1.0,156.41790081965402,158.10159275854156,156.35950687957703,158.01400184842603,4613200.0
2017-09-27,161.38,161.69,160.14,160.92,3966113.0,0.0,1.0,157.0602341605013,157.3619361842326,155.85342606557614,156.61254728657744,3966113.0
2017-09-26,161.55,162.0,160.79,161.26,3222646.0,0.0,1.0,157.22568365738618,157.66363820796386,156.48602708307726,156.94344628034725,3222646.0
2017-09-25,160.05,161.43,159.75,161.1,4896374.0,0.0,1.0,155.76583515546062,157.10889577723216,155.4738654550755,156.78772910680854,4896374.0
2017-09-22,159.14,160.09,159.01,159.97,3576079.0,0.0,1.0,154.8801937309591,155.8047644488453,154.7536735274589,155.68797656869125,3576079.0
2017-09-21,158.87,159.556,158.72,159.19,3082093.0,0.0,1.0,154.6174210006125,155.2850583821598,154.4714361504199,154.9288553476899,3082093.0
2017-09-20,157.57,159.39,157.36,158.68,4598009.0,0.0,1.0,153.35221896561032,155.12350181461338,153.14784017534075,154.43250685703526,4598009.0
2017-09-19,157.8,158.32,157.16,157.66,3712727.0,0.0,1.0,153.57606240257226,154.0821432165731,152.95319370841733,153.43980987572584,3712727.0
2017-09-18,159.0,159.0,157.69,157.81,4010587.0,0.0,1.0,154.74394120411267,154.74394120411267,153.46900684576434,153.58579472591842,4010587.0
2017-09-15,159.98,159.99,158.29,158.4,9124244.0,0.0,1.0,155.6977088920374,155.7074412153836,154.0529462465346,154.16000180334248,9124244.0
2017-09-14,160.35,160.85,159.33,159.38,5287433.0,0.0,1.0,156.05780485584575,156.54442102315426,155.06510787453638,155.1137694912672,5287433.0
2017-09-13,160.39,161.38,159.55,160.02,4713676.0,0.0,1.0,156.0967341492304,157.0602341605013,155.27921898815208,155.73663818542212,4713676.0
2017-09-12,159.06,160.93,158.71,159.91,5793753.0,0.0,1.0,154.80233514418973,156.62227960992362,154.46170382707373,155.62958262861426,5793753.0
2017-09-11,158.42,158.74,156.22,158.37,8847928.0,0.0,1.0,154.17946645003482,154.49090079711232,152.03835531387728,154.13080483330396,8847928.0
2017-09-08,159.09,160.69,157.52,159.66,10088630.0,0.0,1.0,154.83153211422825,156.38870384961552,153.30355734887948,155.38627454495997,10088630.0
2017-09-07,158.17,159.28,156.79,157.93,8264524.0,0.0,1.0,153.93615836638054,155.01644625780546,152.593097744609,153.70258260607247,8264524.0
2017-09-06,154.86,157.03,154.145,156.56,8126012.0,0.0,1.0,150.71475933879807,152.8266735049171,150.01889821954688,152.36925430764708,8126012.0
2017-09-05,151.71,153.92,151.7,152.93,7512387.0,0.0,1.0,147.64907748475434,149.79992094425802,147.63934516140816,148.83642093298715,7512387.0
2017-09-01,150.26,150.94,149.76,150.78,3383036.0,0.0,1.0,146.2378905995596,146.89968858709918,145.75127443225102,146.74397141356047,3383036.0
2017-08-31,150.61,150.925,149.85,149.87,6083340.0,0.0,1.0,146.57852191667558,146.88509010207994,145.8388653423666,145.85832998905894,6083340.0
2017-08-30,150.0,150.25,149.28,150.0,3640966.0,0.0,1.0,145.98485019255915,146.22815827621343,145.28412291163488,145.98485019255915,3640966.0
2017-08-29,150.07,150.9,149.03,149.84,5368178.0,0.89,1.0,146.0529764559823,146.86075929371452,145.0408148279806,145.82913301902042,5368178.0
2017-08-28,151.94,152.39,150.43,151.39,6843168.0,0.0,1.0,146.99979082405602,147.43515942923457,145.53888728223475,146.4676736399489,6843168.0
2017-08-25,148.51,150.53,148.4,149.65,3047971.0,0.0,1.0,143.68131456680638,145.6356358611633,143.57489112998496,144.78424836659198,3047971.0
2017-08-24,149.73,150.6,147.98,148.25,3735364.0,0.0,1.0,144.8616472297348,145.7033598664133,143.168547098485,143.4297682615921,3735364.0
2017-08-23,148.58,149.48,147.4271,149.1,5235444.0,0.0,1.0,143.74903857205638,144.6197757824134,142.63362420558897,144.25213118248487,5235444.0
2017-08-22,149.29,150.58,149.29,149.91,3267404.0,0.0,1.0,144.43595348244915,145.68401015062759,144.43595348244915,145.03579467180626,3267404.0
2017-08-21,147.1,149.88,146.89,149.2,4222423.0,0.0,1.0,142.3171596039137,145.00677009812765,142.11398758816367,144.34887976141343,4222423.0
2017-08-18,149.61,149.61,146.96,147.49,6989147.0,0.0,1.0,144.74554893502057,144.74554893502057,142.1817115934137,142.69447906173505,6989147.0
2017-08-17,151.81,152.15,149.61,149.67,4460870.0,0.0,1.0,146.8740176714489,147.20296283980602,144.74554893502057,144.80359808237768,4460870.0
2017-08-16,151.45,152.95,151.16,152.25,6043303.0,0.0,1.0,146.52572278730602,147.97695147123449,146.24515190841325,147.29971141873457,6043303.0
2017-08-15,154.275,154.8,148.26,150.17,13528650.0,0.0,1.0,149.25887014203798,149.76680018141292,143.439443119485,145.28734097702048,13528650.0
2017-08-14,156.04,156.05,153.56,154.26,6662484.0,0.0,1.0,150.96648256012702,150.9761574180199,148.56711780269873,149.24435785519864,6662484.0
2017-08-11,154.11,155.72,153.98,154.88,3650541.0,0.0,1.0,149.0992349868058,150.6568871075556,148.97346183419867,149.84419904455572,3650541.0
2017-08-10,155.19,155.98,153.88,153.88,4432313.0,0.0,1.0,150.14411963923428,150.90843341276988,148.87671325527012,148.87671325527012,4432313.0
2017-08-09,153.35,155.57,153.32,155.26,3844857.0,0.0,1.0,148.36394578694873,150.5117642391628,148.33492121327018,150.21184364448425,3844857.0
2017-08-08,153.32,154.2,153.08,153.35,3218945.0,0.0,1.0,148.33492121327018,149.1863087078415,148.10272462384162,148.36394578694873,3218945.0
2017-08-07,152.83,154.47,152.47,153.35,3833620.0,0.0,1.0,147.86085317652027,149.4475298709486,147.5125582923774,148.36394578694873,3833620.0
2017-08-04,151.01,152.75,150.8,152.75,3258581.0,0.0,1.0,146.10002904002042,147.78345431337738,145.89685702427045,147.78345431337738,3258581.0
2017-08-03,150.7,152.03,150.5,150.79,5146465.0,0.0,1.0,145.80010844534186,147.08686454509174,145.60661128748475,145.88718216637756,5146465.0
2017-08-02,149.94,150.86,149.92,150.5,3754192.0,0.0,1.0,145.06481924548478,145.95490617162758,145.04546952969906,145.60661128748475,3754192.0
2017-08-01,150.24,150.39,148.95,149.85,4110605.0,0.0,1.0,145.3550649822705,145.5001878506633,144.107008314092,144.9777455244491,4110605.0
2017-07-31,148.0,149.98,147.54,149.6,5253318.0,0.0,1.0,143.18789681427072,145.10351867705617,142.74285335119933,144.73587407712768,5253318.0
2017-07-28,147.9,148.27,147.32,148.08,3421081.0,0.0,1.0,143.09114823534216,143.44911797737782,142.5300064775565,143.2652956774136,3421081.0
2017-07-27,146.18,147.86,145.89,147.73,5399029.0,0.0,1.0,141.4270726777709,143.05244880377074,141.14650179887806,142.9266756511636,5399029.0
2017-07-26,146.86,147.245,145.96,146.69,2835975.0,0.0,1.0,142.08496301448508,142.4574450433601,141.21422580412806,141.92049043030656,2835975.0
2017-07-25,145.74,147.4,145.28,146.97,5002381.0,0.0,1.0,141.00137893048526,142.60740534069936,140.55633546741385,142.19138645130653,5002381.0
2017-07-24,146.61,146.69,144.25,144.58,7294422.0,0.0,1.0,141.84309156716373,141.92049043030656,139.55982510444966,139.87909541491393,7294422.0
2017-07-21,147.03,147.46,146.13,146.65,9120167.0,0.0,1.0,142.2494355986637,142.6654544880565,141.37869838830662,141.8817909987351,9120167.0
2017-07-20,152.56,152.57,145.61,147.03,18258694.0,0.0,1.0,147.5996320134131,147.60930687130596,140.87560577787812,142.2494355986637,18258694.0
2017-07-19,152.55,154.0,152.55,153.3,2808385.0,0.0,1.0,147.5899571555203,148.9928115499844,147.5899571555203,148.31557149748448,2808385.0
2017-07-18,153.75,153.86,151.98,152.17,3783567.0,0.0,1.0,148.75094010266295,148.8573635394844,147.03849025562744,147.22231255559169,3783567.0
2017-07-17,152.9,154.5,152.72,153.89,4166468.0,0.0,1.0,147.92857718177018,149.4765544446272,147.75442973969882,148.88638811316298,4166468.0
2017-07-14,153.22,153.67,151.82,152.88,3588205.0,0.0,1.0,148.2381726343416,148.67354123952012,146.88369252934174,147.9092274659845,3588205.0
2017-07-13,152.82,154.13,152.6,153.29,3287961.0,0.0,1.0,147.85117831862738,149.1185847025915,147.63833144498454,148.3058966395916,3287961.0
2017-07-12,151.46,153.14,151.09,152.59,4275878.0,0.0,1.0,146.53539764519894,148.1607737711987,146.17742790316325,147.62865658709168,4275878.0
2017-07-11,151.45,151.81,150.5,150.6,5641983.0,0.0,1.0,146.52572278730602,146.8740176714489,145.60661128748475,145.7033598664133,5641983.0
2017-07-10,152.22,152.26,151.0,151.18,5081101.0,0.0,1.0,147.270686845056,147.3093862766274,146.09035418212758,146.26450162419897,5081101.0
2017-07-07,152.04,152.87,151.9,152.23,3775383.0,0.0,1.0,147.0965394029846,147.89955260809162,146.96109139248458,147.28036170294882,3775383.0
2017-07-06,151.77,152.48,151.22,152.05,3408538.0,0.0,1.0,146.8353182398775,147.52223315027024,146.3032010557704,147.10621426087746,3408538.0
2017-07-05,154.01,154.295,151.46,152.69,4432537.0,0.0,1.0,149.00248640787726,149.27821985782361,146.53539764519894,147.72540516602024,4432537.0
2017-07-03,154.39,154.79,153.71,154.01,1658535.0,0.0,1.0,149.37013100780575,149.75712532352,148.71224067109156,149.00248640787726,1658535.0
2017-06-30,152.51,154.0,152.27,153.4,3640801.0,0.0,1.0,147.55125772394882,148.9928115499844,147.31906113452033,148.41232007641304,3640801.0
2017-06-29,152.77,153.0,151.52,152.16,2855395.0,0.0,1.0,147.8028040291631,148.02532576069876,146.5934467925561,147.21263769769885,2855395.0
2017-06-28,152.75,153.45,152.36,153.23,5084618.0,0.0,1.0,147.78345431337738,148.46069436587732,147.406134855556,148.24784749223448,5084618.0
2017-06-27,151.06,153.25,150.75,152.24,4567125.0,0.0,1.0,146.1484033294847,148.26719720802018,145.8484827348061,147.29003656084168,4567125.0
2017-06-26,151.67,151.97,151.13,151.42,4128535.0,0.0,1.0,146.7385696609489,147.02881539773458,146.2161273347347,146.4966982136275,4128535.0
2017-06-23,155.16,155.23,150.91,151.31,11422231.0,0.0,1.0,150.1150950655557,150.1828190708057,146.00328046109183,146.39027477680608,11422231.0
2017-06-22,156.44,157.07,155.47,155.48,3347363.0,0.0,1.0,151.35347687584132,151.96299292309118,150.41501566023425,150.4246905181271,3347363.0
2017-06-21,157.91,158.53,156.43,156.59,4071298.0,0.0,1.0,152.77568098609112,153.37552217544822,151.34380201794843,151.49859974423413,4071298.0
2017-06-20,158.73,159.2242,157.6,157.67,4201226.0,0.0,1.0,153.56901933330533,154.04715081037028,152.4757603914126,152.54348439666256,4201226.0
2017-06-19,156.91,159.03,156.39,158.81,5195484.0,0.0,1.0,151.80819519680549,153.85926507009103,151.305102586377,153.6464181964482,5195484.0
2017-06-16,156.25,156.69,155.41,156.64,9105408.0,0.0,1.0,151.16965457587705,151.59534832316268,150.3569665128771,151.5469740336984,9105408.0
2017-06-15,156.13,157.27,154.92,156.77,3972260.0,0.0,1.0,151.05355628116277,152.15649008094834,149.88289847612714,151.67274718630551,3972260.0
2017-06-14,154.5,157.28,153.96,156.76,5999411.0,0.0,1.0,149.4765544446272,152.16616493884118,148.95411211841298,151.66307232841268,5999411.0
2017-06-13,152.31,154.04,152.06,153.99,3753767.0,0.0,1.0,147.35776056609168,149.0315109815558,147.11588911877033,148.98313669209153,3753767.0
2017-06-12,152.8,153.3,151.73,152.18,4473919.0,0.0,1.0,147.83182860284163,148.31557149748448,146.79661880830602,147.23198741348455,4473919.0
2017-06-09,154.0,154.0,152.78,152.96,4705349.0,0.0,1.0,148.9928115499844,148.9928115499844,147.8124788870559,147.98662632912738,4705349.0
2017-06-08,155.16,155.2335,153.3801,153.5,4041556.0,0.0,1.0,150.1150950655557,150.1862052710682,148.39306710920627,148.5090686553416,4041556.0
2017-06-07,154.69,155.3,154.35,154.96,3158964.0,0.0,1.0,149.66037674459145,150.2505430760557,149.33143157623434,149.92159790769858,3158964.0
2017-06-06,154.44,154.66,153.65,154.2,3260265.0,0.0,1.0,149.41850529727006,149.63135217091292,148.65419152373443,149.1863087078415,3260265.0
2017-06-05,155.53,155.62,154.23,154.79,2651789.0,0.0,1.0,150.47306480759138,150.56013852862708,149.21533328152006,149.75712532352,2651789.0
2017-06-02,154.79,155.86,154.42,155.35,3485310.0,0.0,1.0,149.75712532352,150.79233511805563,149.39915558148434,150.29891736551997,3485310.0
2017-06-01,153.52,155.16,152.74,155.15,3384233.0,0.0,1.0,148.52841837112732,150.1150950655557,147.77377945548452,150.10542020766286,3384233.0
2017-05-31,154.36,154.38,153.28,153.51,7158383.0,0.0,1.0,149.34110643412725,149.36045614991292,148.29622178169873,148.51874351323445,7158383.0
2017-05-30,154.0,154.56,153.52,153.88,3504291.0,0.89,1.0,148.9928115499844,149.53460359198434,148.52841837112732,148.87671325527012,3504291.0
2017-05-26,156.1,156.42,154.64,154.9,4284660.0,0.0,1.0,150.15606990468217,150.46388503837534,148.75166335720724,149.00176315333297,4284660.0
2017-05-25,156.2,156.69,155.35,156.46,3110736.0,0.0,1.0,150.25226213396132,150.7236040574289,149.4346281850889,150.502361930087,3110736.0
2017-05-24,154.7,155.43,153.29,155.0,4592587.0,0.0,1.0,148.80937869477475,149.51158196851222,147.45306826193936,149.0979553826121,4592587.0
2017-05-23,155.91,156.43,154.68,154.83,4640854.0,0.0,1.0,149.9733046690519,150.47350426130328,148.7901402489189,148.9344285928376,4640854.0
2017-05-22,156.49,157.0,155.8,155.96,3800660.0,0.0,1.0,150.5312195988707,151.02179996819416,149.8674932168449,150.02140078369146,3800660.0
2017-05-19,156.04,156.74,155.32,156.3,4781806.0,0.0,1.0,150.09835456711474,150.7717001720685,149.40577051630518,150.34845436324042,4781806.0
2017-05-18,155.48,156.665,155.24,155.7,4858557.0,0.0,1.0,149.55967808315174,150.6995560001091,149.3288167328819,149.77130098756578,4858557.0
2017-05-17,157.08,157.3,155.89,156.09,5936974.0,0.0,1.0,151.09875375161744,151.31037665603148,149.9540662231961,150.14645068175432,5936974.0
2017-05-16,160.11,160.86,158.05,158.26,10120878.0,0.0,1.0,154.0133782987743,154.7348200183676,152.03181837562474,152.23382205711087,10120878.0
2017-05-15,157.28,157.84,156.66,157.33,6045540.0,0.0,1.0,151.29113821017566,151.82981469413863,150.6947463886452,151.3392343248152,6045540.0
2017-05-12,156.39,157.2,155.75,156.92,2926365.0,0.0,1.0,150.4350273695916,151.21418442675238,149.8193971022054,150.94484618477085,2926365.0
2017-05-11,157.35,157.7,155.33,156.2,3929068.0,0.0,1.0,151.35847277067103,151.69514557314787,149.41538973923312,150.25226213396132,3929068.0
2017-05-10,157.52,158.15,157.3,158.13,2617601.0,0.0,1.0,151.52199956044555,152.12801060490386,151.31037665603148,152.10877215904802,2617601.0
2017-05-09,157.04,157.74,156.29,157.68,3004377.0,0.0,1.0,151.06027685990583,151.73362246485954,150.3388351403125,151.6759071272921,3004377.0
2017-05-08,155.85,157.16,155.49,156.89,3184576.0,0.0,1.0,149.91558933148443,151.17570753504071,149.5692973060797,150.91598851598712,3184576.0
2017-05-05,155.34,155.75,154.09,155.73,2500636.0,0.0,1.0,149.42500896216103,149.8193971022054,148.22260609617226,149.8001586563495,2500636.0
2017-05-04,155.46,155.64,154.26,154.86,3793067.0,0.0,1.0,149.54043963729598,149.71358564999832,148.3861328859467,148.9632862616213,3793067.0
2017-05-03,155.16,155.39,154.59,155.0,2445464.0,0.0,1.0,149.25186294945863,149.47310507680055,148.70356724256774,149.0979553826121,2445464.0
2017-05-02,154.49,155.16,153.76,154.95,3295105.0,0.0,1.0,148.60737501328862,149.25186294945863,147.90517173955115,149.0498592679725,3295105.0
2017-05-01,156.22,156.27,154.21,154.21,3152949.0,0.0,1.0,150.27150057981711,150.3195966944567,148.33803677130717,148.33803677130717,3152949.0
2017-04-28,156.01,156.25,154.102,156.1,4983041.0,0.0,1.0,150.06949689833098,150.30035824860087,148.23414916368571,150.15606990468217,4983041.0
2017-04-27,154.69,156.27,153.89,156.12,5881432.0,0.0,1.0,148.79975947184684,150.3195966944567,148.03022163761398,150.17530835053802,5881432.0
2017-04-26,153.11,154.8076,152.4,154.22,5120177.0,0.0,1.0,147.279922249237,148.9128815334791,146.59695742135534,148.34765599423503,5120177.0
2017-04-25,152.79,154.65,152.79,153.03,5496453.0,0.0,1.0,146.97210711554385,148.7612825801352,146.97210711554385,147.20296846581368,5496453.0
2017-04-24,151.08,152.0601,150.85,151.89,5077174.0,0.0,1.0,145.32721999487117,146.27000003403566,145.10597786752922,146.1063770520319,5077174.0
